"0","Receive civil","Push","Wall various foreign agency when personal huge","Drive example color draw difficult there leg"
"1","Case north","Commercial","Accept hope soon yourself affect station member although since born","Challenge check skin skin industry nothing rather represent two hair describe"
"2","Authority imagine","Whom it","Early high trouble drive loss turn attorney education every","Head against particularly listen down American focus something who blood"
"3","Charge","Agree inside","Item bit leave left college listen city truth","Seven both happy central group line million"
"4","Deal","Cost","Foot herself among necessary alone improve heart decade care book","Close issue huge away represent race sing nation"
"5","Catch check","Drive","Moment standard ground think save","Range sort trial study significant energy citizen physical"
"6","Mouth certain","Worker season","Doctor trip her hope likely fill improve","Spend raise child above other relate very military"
"7","Pick","Word book","Collection be along break gun reveal five put hard recent project","Two no still back task TV collection"
"8","Unit","Important produce","Remain if again care hold those north trouble upon","Popular if do them although"
"9","Big strategy","Nearly hour","Congress must city system story century attention","Long not improve begin lot"
"10","Fine","Here","Catch ten statement carry next","Almost identify record own"
"11","Word","Nice themselves","Their rate drop marriage worker ever across great","Unit begin fight institution school white team certainly explain current"
"12","Process sit","If","Can sing husband matter likely prevent hear trouble it grow husband","Term look fact land general during cost"
"13","Material body","Wish let","Woman with not peace put maybe main fire range","Line hour wear star issue"
"14","Parent","Investment","Enjoy rise condition Congress recognize","Do analysis him above bring"
"15","Paper tree","Sit","Culture ability to suffer at computer doctor up high","Job high she past"
"16","Air","Girl happen","Quality political other begin war resource evening realize","Sign career debate wish floor inside matter nice really listen meeting"
"17","Like lawyer","Can effort","North friend state do eat","Simple improve language thousand need when simple difference drop"
"18","Little direction","Here","Outside upon why mission because feel military pull watch","Garden free perform civil tonight hope"
"19","Its","Court hospital","Thought radio minute rich consumer type Republican organization","Charge read management production up our allow maintain page"
"20","New cultural","Assume","Drug them particular produce board whole","International position write those full rate clear newspaper ground just"
"21","Wrong fish","Attack detail","Seem west hour less music","Region again debate take one them in decision"
"22","Relate","Nice","Final name at painting room sell daughter pay growth","Seat should dream whose agreement"
"23","Happen letter","Personal","Everything stuff detail himself medical fund station enough become","Firm once machine western month itself"
"24","Role agency","Parent very","Seven those budget involve all evening","Break factor pattern PM seat my arrive middle"
"25","Color","Standard PM","Former general yet party individual so attack","Bit avoid yourself campaign alone subject development best student describe"
"26","Rule","Inside","Participant seat give especially win give","System democratic stock worker everybody professor show bar standard final"
"27","Along particularly","Suggest","Coach every cut never ten","Increase mother important ball woman"
"28","Company drop","Purpose expert","Structure point especially that","First natural without any remain support realize cause"
"29","Argue home","Pass","Effect fine speak majority large but hear","Anything relationship local air ball better consumer campaign join throw"
"30","Moment buy","Money","Environmental issue recently until clearly thought modern","Eat determine feeling certainly necessary economy"
"31","Course","Treat","Understand relate church serve can street race seat model","Sometimes talk remember again leave toward current"
"32","Cold measure","Image","Moment billion talk mouth tonight throw action section drug how","World win product election baby seven only"
"33","Toward","Sort","Memory attack land late sing","Outside they eye out goal group"
"34","More","Cell","Look safe street current","Fund feeling cause stand visit red forward table"
"35","Herself official","Fear spring","Successful country describe method meeting space military tonight sing media","True else feeling trade money smile create either reality"
"36","Defense","Billion eight","Stay describe time peace","Participant environment purpose prevent again trouble cold thank"
"37","Increase","Scene teach","Old site record should add","Evening scene that himself floor somebody many character option imagine"
"38","Wait technology","Arm","Today all positive us maybe information forward trouble unit","Country article will firm woman section magazine loss tree especially position"
"39","Sound city","Music","Next identify language provide parent information call","Once born control white family"
"40","Reveal","Energy size","Meeting movie avoid American address simply catch but","Six loss agree place cell reflect popular see"
"41","Anything","Itself","Another site car room father","Throughout western world area student there certainly walk"
"42","Quickly","Per","Store office explain education idea across","Model sing then police choice"
"43","There","Care yet","According star study form seem beat debate late","Like money ball keep since my necessary million trade"
"44","Quickly","Stock memory","These century alone popular break attention","North good program risk I spring season"
"45","Level generation","Also himself","Garden mention economic baby book itself people nation","Meet window now always hand game magazine series think industry"
"46","Real","Sea thought","Two seven lose probably up strategy","Rate oil defense agree lawyer perhaps stay"
"47","Population","Firm foreign","Nothing tend pick mention hot happy far deep while","Onto until head lay out perhaps chair during such either"
"48","Not","Boy two","Daughter consider group eat soon must toward family event","Government image room analysis what page"
"49","Throw","Learn economy","Read information fire purpose very them history","Throughout free civil entire result"
"50","Final tonight","Heart watch","Risk yet so before wrong","Message western stage yes too dog among believe value fine"
"51","That report","Walk two","When thing everyone city contain week carry then election small","Same even bad together professional wind"
"52","Decide","Admit Mrs","Question sense scientist bank result peace reality evidence out","About century debate officer about camera machine"
"53","Most","Wear prove","First thing discuss power safe push country glass evening","Open executive experience hotel compare box operation prepare might catch"
"54","Century energy","Crime social","Enter wind heavy anything strategy","Save himself call report must charge alone pattern"
"55","Seven write","Management","Hot because movement business pull see","Allow do believe her attorney stock"
"56","Never","Discover","Before under between candidate crime officer police it house","Pull likely piece small go woman small"
"57","Decade","Democratic radio","Century law before everybody","Hot scene view today father provide pass"
"58","Have perform","Drug","Important they tax machine century suddenly","School certainly meet floor right growth specific court"
"59","Near","Prepare scene","Along kid explain product money store majority choice","Then investment scientist bring citizen kid"
"60","Interest conference","Firm","Of radio positive better management minute air represent sound","Letter employee one reflect soldier"
"61","Economy","Business state","Civil market value during difficult religious push the ten will","Per attack evidence especially life sister official yeah remain center"
"62","Around four","Hospital against","Present defense become result easy mission laugh","She inside mind without"
"63","Resource pretty","Under fear","Power especially song energy simple be certain ago whom","Appear since experience perform interest particularly notice military civil"
"64","Example","Those","Remain cup they enter identify participant environmental them","Debate energy religious sport"
"65","Least","Future","Result court improve use while buy group return line community study","Support improve once worry newspaper laugh benefit wear modern"
"66","Pressure down","Know","Push fast color everything buy","A certain behavior send laugh cup hear prove"
"67","End commercial","Hundred billion","Form debate name may feeling","Bill pattern scientist early student"
"68","Light","Company","Election stop cold relate number night administration but finally","Shoulder decade rich director population measure student cost policy across inside"
"69","Do get","List table","Thing responsibility education evening clearly these tonight food age","Perform walk expert easy word learn military top cup"
"70","Week own","Card man","Society theory happy culture daughter make capital because million","If everything bad age local season school able pattern story"
"71","Large message","Attack","Beat her include sit receive","Executive will network physical play pull child"
"72","Truth house","Return few","Hard industry trial position college also keep kid assume dinner","Discuss agency fund consumer through theory simply concern"
"73","Allow power","Action","Would truth join issue face key when also long time","Produce list run safe figure"
"74","Allow star","Set attack","Detail value plant nature day then interest","Some before according final ability"
"75","Amount themselves","Many","One after score career big","Parent produce cut beyond maintain"
"76","Building","Response knowledge","Road collection big talk role instead candidate phone when","Easy role yes to more food recognize national training drug"
"77","Claim","If since","Same wall measure again ability election race decide","Control stock same project every end"
"78","Turn","Consider","Spend food world believe soldier certain edge couple","Pay real good human billion"
"79","Stage","Newspaper allow","Discuss almost serious Mr sing city energy season","Reveal yet possible account question dinner write"
"80","Environment","Unit state","Color current note order impact","Election air parent forget three"
"81","Past","Stand trip","Poor send through law national","Or which white get bring society industry control thank"
"82","Seven","Top his","Address than could security including hot child investment yourself still","Education red citizen notice feeling write"
"83","Bit","Enough","Huge miss population fly rock make","Economy fire education expect part age"
"84","Water data","Side","Reveal whole increase beat sometimes Republican agent manage","Way glass line knowledge season region little continue"
"85","Senior parent","Foot","At best small law campaign value firm key reason","Major western education game modern song"
"86","Stage","Herself","Enough spend practice organization fill can cause as future analysis","Likely off anything pick none none ball ground candidate"
"87","Tree amount","Upon","Person body price you half","Price little identify degree"
"88","Talk want","Protect thought","Investment day interest side environment speak","Focus fact special gas class wish relate sound market"
"89","Not","Painting role","Beautiful firm evening green require bring","Focus foreign four seven ability probably few cost"
"90","City when","Sell","Time to black her become less production religious around both","Build identify throughout example office between table tonight suddenly idea common"
"91","Reflect shake","Company speak","Throughout concern class right deep minute top","Put lay too strong forward interesting small few"
"92","Challenge","Compare difficult","Assume trouble key between seem building care","Pay fire market gas wind task top"
"93","Staff","Affect","Range true even matter remember body keep body lay work no","National probably thank fish somebody dinner former manager mind scene"
"94","Single","South ability","Sure system share body fly find create artist answer discover","Thus growth him power morning question"
"95","Time decide","Pick","Notice though scene increase simple as player","Seek third since laugh model make speak might"
"96","Life","Forward provide","Yeah sense up add subject research sell idea","Try condition couple year person understand"
"97","True","Morning","Clearly take product building view its contain such approach","Reflect yes smile reveal third"
"98","Case none","Hand benefit","By of mission parent shake now owner believe industry","See country response concern reach"
"99","Structure","College would","National senior how artist gas this sort unit","Buy assume part father himself research general college bed everybody"
