"15","Could","1984-12-23 09:44:19","Up chance difference party spring father hospital recent back"
"9","Everything","1992-08-12 12:34:51","Suddenly office without some effort"
"6","Tax","1988-08-28 23:13:40","Event help born baby culture power range"
"18","Rather","2021-04-19 02:51:43","Kind kid peace sing decision my support behind describe local"
"17","There","1998-10-07 12:18:22","All author receive size"
"17","Morning","2014-08-13 09:25:27","Before far many thing arrive"
"1","Tree","1989-04-18 05:41:10","He listen professor difficult player last drive economic or"
"14","Imagine","1977-09-25 11:59:49","Whole generation option lead increase discuss health stop"
"5","Event","1990-10-24 14:10:24","Candidate relationship already crime factor down learn weight main fly"
"10","Body","1985-09-27 00:51:57","Data guy think condition"
"17","Daughter","1970-01-20 18:09:53","Service area her eye especially phone a various week car"
"1","Several","2014-08-28 13:45:51","Open person explain product civil main"
"7","Pick","1980-06-11 18:43:30","Technology there question visit race build decision"
"6","Far","1993-09-11 19:56:11","Local land cover deal left skill clear development involve everyone"
"16","Maintain","2020-08-27 06:32:58","Record heavy important decision past eight"
"10","Really","1971-07-10 07:04:14","Office another perform view agree others throughout attention all"
"12","Throw","1991-05-17 06:27:59","Bill imagine former day TV situation clearly owner"
"9","Nor","2006-05-22 13:57:39","Spend best sing laugh such carry"
"8","Read","1978-08-25 19:08:41","Game quickly use friend attack guy address chair professor"
"15","Color","1995-05-18 22:41:32","Game may television sense operation without method crime"
"8","Indicate","1991-07-06 02:56:21","Many start national reflect vote building road social perform"
"4","Bill","1971-10-08 21:34:39","Popular difficult mouth arrive control section"
"10","Culture","1975-10-24 13:30:59","Outside future simply finally small north"
"3","Prove","2016-09-12 13:45:39","Thought ready majority peace fish go issue yet"
"7","Class","1988-08-03 11:33:43","North sort drug bad billion film himself street local shake"
"8","Job","2010-11-20 06:45:58","Argue back although teacher story second thing few"
"12","Real","1992-04-26 00:24:04","Son time Democrat deal pattern thing stage stage choice enough"
"2","Finally","1978-12-24 11:28:43","Former watch positive crime talk some third positive certain"
"12","Newspaper","1975-10-30 15:12:16","Low one knowledge resource much practice"
"4","Time","1984-12-01 15:54:30","Down wide leader indicate wind news analysis throughout every husband"
"7","Quality","2009-10-18 21:37:58","Increase other me television compare certainly anyone drop with best one"
"11","Attack","2010-02-07 22:20:26","Court child from month impact"
"11","Forward","1989-05-13 06:33:32","But for avoid any fear already this blue"
"16","Long","1982-02-19 16:51:36","Senior practice say behavior indeed marriage why law much"
"16","Send","1987-05-23 13:02:33","Admit child thing number beat"
"10","Ever","2003-09-03 11:22:38","International scene hotel above expect need reach indeed"
"7","Arm","1978-02-22 11:18:02","Management campaign produce decision"
"18","Natural","1998-06-22 07:14:42","Upon course far far such thus long"
"1","Democrat","2007-12-07 10:38:39","Relationship hand coach skin"
"3","Very","2019-03-24 14:16:36","Must defense fall can former anyone pressure most"
"19","By","2004-08-25 16:22:25","Help way pass air bill parent"
"16","Actually","2010-09-24 08:10:27","Close of enough fact other stuff Congress"
"15","Weight","1985-02-22 01:16:33","Black budget certain choose own father budget election"
"18","Usually","1986-06-30 05:14:53","New too few know organization information industry customer score sport"
"1","Month","2019-04-22 23:02:44","Again imagine cut day job"
"1","Lead","1991-08-10 14:56:22","Event whose white him child by attention"
"12","Himself","2008-10-21 16:59:06","Level job soon husband ground question himself price leader nothing"
"9","Then","1999-08-12 08:38:36","Open player expert player need ok much election pressure ball"
"11","Social","2019-10-29 20:33:31","Pay marriage model exist data send push film image"
"13","Within","1977-07-04 04:35:51","Rich risk him decision walk account bill mean"
