"0","tamaramorrison@hotmail.com","pbkdf2:sha256:260000$cR08TkrNlWg0HtT4$a0c7018289aba067d1a47a17f0bc01b74ea1699c140b9f4739280c5f262a5da2","Gary","Cross"
"1","martha10@hotmail.com","pbkdf2:sha256:260000$2RWuA47AYfBhn8Mg$a57489e942cfd8f08baed3c6500feebf2c46c431653e04da4aff789ee2131e48","Denise","Thornton"
"2","deborah64@gmail.com","pbkdf2:sha256:260000$JbxhEMQOYL1R3WzT$97488ba98204b38970c02ad8cf4026f3314d88a54ca6166f95d57f99fd34a43b","Jeanne","Green"
"3","franklinjames@yahoo.com","pbkdf2:sha256:260000$Lhqn56MQ8YEJTIPG$839e7c87779d56389057ad439780c252aea95e25a168b67f5e5a83d45c29edbb","John","Hoffman"
"4","samanthasims@yahoo.com","pbkdf2:sha256:260000$gmUKlF75mQWnV8U0$0d743eb752a9c8a3dc25c92fbf7f5603c3fbcc9c1f20459bedeb79de2532ed7b","Timothy","Parker"
"5","taguilar@hotmail.com","pbkdf2:sha256:260000$Sk2ZtoxHGpK8aKks$8b3ebf9bb6a135de609ca255886429de77afacd39fddb0ae37c88e4af10cec10","Linda","Freeman"
"6","georgedavid@yahoo.com","pbkdf2:sha256:260000$vl36Y7aiYJqVSOZK$a018ed974ebb3e1531aaba9e4becb97446f4f4adce2afa7a140a2deb9f86ed60","Sandra","Brown"
"7","chad50@yahoo.com","pbkdf2:sha256:260000$fP6M5uYDxM2aIdJR$d39ee8a3f486f6588955e842df5c2b8ca3279618c6ae864237b4d8eaa43c4881","Paula","Wilkerson"
"8","jyang@hotmail.com","pbkdf2:sha256:260000$Mev9eJbV5kwTls53$72e317fbfea0cd4de159c02c296d2486251df45ba46663e2fbad0d1f8d4d4536","Willie","Garcia"
"9","bramirez@gmail.com","pbkdf2:sha256:260000$uSpNGTEvihNSHetI$a444fcc34805bcf9e780d42cb6ebc5ec5a5b5bdd49b10d58185afb4f04cc250e","Michael","Montgomery"
"10","kellypeter@gmail.com","pbkdf2:sha256:260000$QL4vyk2J84hDdKfW$65699e7fc966f4635d027a252fab7bd6b43e73b004881475671b65fa284f9569","Melissa","James"
"11","tarasanders@gmail.com","pbkdf2:sha256:260000$hLrHXEdSQO1E5Dez$546c9afdf8f489769e5c9a0279346c4389c2ce3f37e3ebbe4b47a2f7aeeee16b","Lisa","Bush"
"12","virginia18@yahoo.com","pbkdf2:sha256:260000$F0nwVp5nkeCCLrF4$39e4bff2718f24fb785b6a6b16952938c5b8607083bfd68827c199794d7a7fc6","Bruce","Miller"
"13","jensenanthony@hotmail.com","pbkdf2:sha256:260000$2TIylyO4xjE33EjL$421ed538ef708c9e9ad0e8e8430dcdea42359c9df43d4dfefbc9a9af7fd71ee3","Mark","Burnett"
"14","kmalone@gmail.com","pbkdf2:sha256:260000$c5IA8oWUvqXbb7pF$deb0ba510b1bd9f4816f1b1e1ee6f0b83d9f68124cd1e2606df3911804c6d0f7","Courtney","Valdez"
"15","kingerin@hotmail.com","pbkdf2:sha256:260000$1GOs05e2m2HAsDi7$980fa33a3e72553779fddf60f6a2fac9248ba51eed15c7b6c4fd357ca7949465","Henry","Moss"
"16","meganbrady@gmail.com","pbkdf2:sha256:260000$GkvKs6htFmABjJfo$558ef0a8bc9b63f81a5e36b8aacde8c59555ad8193702e5dd74e8c2f797ad0e9","Amy","Fowler"
"17","kgomez@gmail.com","pbkdf2:sha256:260000$zXJ0S9YnJTlqijB2$90c452514a3d525bce6b6a6195cb51bcd3732635a3529d43e4e20e0609b799a3","Tammy","Reilly"
"18","thomaspeters@hotmail.com","pbkdf2:sha256:260000$xvJKXMFRYAW5c2Pl$0b6f51735a3a8521b670ea80f053e447064fc263f38fd6ee7c06209ce1ca0613","Robin","Harris"
"19","susan06@yahoo.com","pbkdf2:sha256:260000$mXCusFNy44dVQSEB$929ac398693e2c8c84799a0ff774f162731e1b3e5d8612a8d0a043c062a8ba45","Jared","Vaughn"
