"4","Pattern","1972-02-13 13:04:48","Machine western month itself history the bring parent very card"
"1","Season","1993-01-19 13:20:21","Easy picture enough break factor pattern PM seat my"
"10","Old","1979-05-15 18:14:50","Claim many against television"
"3","Bit","2007-12-16 22:20:40","Night western serious edge bit avoid yourself campaign alone subject development"
"17","Cost","1983-08-31 17:32:26","Human participant seat give especially win give"
"10","Make","1972-05-22 15:20:55","Worker everybody professor show bar standard final relationship"
"16","Population","2007-09-30 11:07:21","Factor boy Republican without"
"9","Treatment","1972-02-19 01:59:00","Become me story but order leg food fast pick"
"10","Thing","2007-04-13 18:51:59","Point especially that product"
"8","Anything","1991-04-14 09:46:25","Support realize cause others skill industry old"
"5","Might","1978-10-04 08:38:59","Remain interest college anything relationship local air ball better"
"16","Administration","1994-04-25 17:42:13","Moment buy east example identify likely view around"
"7","Enjoy","2019-02-12 16:41:32","Determine feeling certainly necessary economy agree"
"9","Wish","2018-03-29 18:18:41","During nice thing ok collection easy"
"2","Seven","2006-04-05 00:54:53","So suggest artist cold measure defense mouth manage camera"
"13","Way","1993-07-01 07:27:24","Action section drug how purpose"
"1","Evening","2004-10-16 19:44:18","Throughout citizen drug decide animal"
"11","Room","1994-12-23 11:25:09","Eat report to product outside they eye out goal"
"14","More","1979-06-25 20:55:15","Card look safe street current however list"
"16","Tell","1990-04-10 10:49:17","Visit red forward table owner how husband"
"16","Threat","2014-01-22 22:00:07","Country describe method meeting space military tonight"
"0","Whose","1983-09-12 06:06:27","Else feeling trade money smile create either reality"
"11","Board","2011-06-21 15:56:30","Without wall stay describe time peace trade"
"7","Act","1996-09-30 06:02:41","Again trouble cold thank"
"6","Single","1996-02-17 04:17:27","Teach because it boy agent common order evening"
"7","From","1970-03-10 07:44:21","Somebody many character option imagine physical"
"10","Least","1979-05-28 08:27:28","All positive us maybe information forward trouble unit people research"
"3","Realize","2004-11-14 12:26:55","Magazine loss tree especially position learn senior"
"3","Operation","2009-10-11 11:20:31","Part instead city type short rather spend similar"
"3","This","2013-03-26 01:42:58","Section lot rather beyond share energy"
"4","Mr","1975-10-16 14:52:00","Soon account part wind well thousand impact six loss agree"
"12","Quickly","2007-03-07 11:45:18","See different decide trip total another site car room father"
"8","Situation","1984-05-27 04:35:44","There certainly walk camera debate western store office explain"
"0","Reveal","2013-07-08 08:04:36","Ten television model sing"
"10","Clear","1979-11-22 23:03:48","Strategy medical voice boy forward science"
"16","Particular","1975-09-28 17:11:01","Beat debate late radio like"
"4","Four","1974-10-18 11:12:23","Himself idea lose international available despite popular stock memory"
"11","Clearly","2015-04-18 12:01:15","Himself north professional modern north"
"16","Interest","1970-06-21 09:03:04","Spring season toward level generation since also himself with garden"
"16","Paper","1977-08-07 02:22:32","Little happy short during agency"
"7","Over","2014-07-12 23:26:19","Always hand game magazine series think industry specific"
"5","Situation","1996-03-20 22:28:01","Raise suggest six claim analysis school moment young"
"18","Reveal","2022-05-12 18:16:08","Low trial religious your outside wish community kid official within"
"19","Charge","1992-12-25 07:07:45","Involve down herself drive effort drop onto until head lay"
"3","Property","2000-05-30 13:28:43","Focus century service nearly movie report"
"12","Democratic","1988-08-10 04:31:49","Outside painting report become market decision"
"8","Defense","2004-02-16 04:43:01","Such firm again court culture story suggest learn"
"5","Risk","2021-12-01 04:46:42","Information fire purpose very them history tell boy arrive"
"16","Possible","1971-03-12 16:56:23","Just nature increase trouble heart watch bed bag wind physical"
"9","Must","1976-03-23 16:59:44","Western stage yes too dog among believe value"
