"0","tamaramorrison@hotmail.com","pbkdf2:sha256:260000$HVwnlDJlJo9puABd$169111868f54deec19749b8869967c3a47f4451f6da74895b3de91d64c69fe83","Gary","Cross"
"1","martha10@hotmail.com","pbkdf2:sha256:260000$DodjUXrmGagCJZgI$54fd760f1897e94044e365d9521ae33b7808ae0988a479184082bb55cf3d48a3","Denise","Thornton"
"2","deborah64@gmail.com","pbkdf2:sha256:260000$YsEDz679WnedOEon$cd2a0af5a8c1442d69d6b3ccc4a5813fd4391b4a470d0c8c729fa07908b0ad9e","Jeanne","Green"
"3","franklinjames@yahoo.com","pbkdf2:sha256:260000$kuxUh0W6MBt5dsqu$b5226a4e0f30cf6159bcbbefb79735df4d7a307f04421c815de58cf257ab5c5d","John","Hoffman"
"4","samanthasims@yahoo.com","pbkdf2:sha256:260000$npjTWQ8NXecXFwNd$6893b97689d35da79322236feee0c93a4d3e365320890f83bf8324c5c5bbf67b","Timothy","Parker"
"5","taguilar@hotmail.com","pbkdf2:sha256:260000$bk3BD7cRSn1HRFGS$280a1724875a56d0f578e7cc609bfd8035c7300ad20899865eebec79353a1e9c","Linda","Freeman"
"6","georgedavid@yahoo.com","pbkdf2:sha256:260000$WhRcveABzJDSLzfL$4026fe12e51d16fc98df0414a0b1d7b1bb0d601d42c1eb2c67749466f1b0a46e","Sandra","Brown"
"7","chad50@yahoo.com","pbkdf2:sha256:260000$1TXnN5vFFEMFTjji$046c7920089f817e2d55d38cf2afea8f9d1ac2589dfa94e4fd90269d44fe12bc","Paula","Wilkerson"
"8","jyang@hotmail.com","pbkdf2:sha256:260000$EeIAc5luLpCZoC80$04aa42f2bcd9d4edab920628737df7e31047988c5189cb6add7a302d7fa4ace4","Willie","Garcia"
"9","bramirez@gmail.com","pbkdf2:sha256:260000$q0wjfUbFc0qTB4QC$5296661855b2f5458af547bf1551a49431a50df7199f47c37cc44d683f63e419","Michael","Montgomery"
"10","kellypeter@gmail.com","pbkdf2:sha256:260000$B8Zyc6VR91Sa7JAm$72ae423e916b10fc844c591cc3f23123598c98cd5708ca477ca85f5ae2034b96","Melissa","James"
"11","tarasanders@gmail.com","pbkdf2:sha256:260000$562LR1b5AnASpDmT$491b8f4de008dbbf8933f649a94a48b7ea7d9d19e4935d53d0c30e3a4cb164a7","Lisa","Bush"
"12","virginia18@yahoo.com","pbkdf2:sha256:260000$vFkegadB36gDaORP$64937f47b24beb937e56ab99112d1ad56465bcc885a2297fb313cd079795797d","Bruce","Miller"
"13","jensenanthony@hotmail.com","pbkdf2:sha256:260000$Db9XEnDSkK9pvzqB$e3600429f1b56630209ec9355afa577606c3db005b7a1b40f721aa2b62ffd886","Mark","Burnett"
"14","kmalone@gmail.com","pbkdf2:sha256:260000$nkDO8a2i18rPQpDk$400750ceaeaff276efa229141a6db93e66b34792eda5200e948d51f874d9b4c2","Courtney","Valdez"
"15","kingerin@hotmail.com","pbkdf2:sha256:260000$WHrhNSZSF7hUDj04$e08f2d6e432ec8b4ba7b82438c32d888efc78f137d08639d49ad8b64051e1c12","Henry","Moss"
"16","meganbrady@gmail.com","pbkdf2:sha256:260000$VIAIFNyhUwPZtfaK$40c96a273f11024fc2f058277059279aea1eb053adf2fe9e132f125ef5d8523b","Amy","Fowler"
"17","kgomez@gmail.com","pbkdf2:sha256:260000$sjdUNQ8nzexIDaBz$02e6002e2ac3510412d5836783b331f89a4411809ce44cf3b9d5dfdd2d9d7721","Tammy","Reilly"
"18","thomaspeters@hotmail.com","pbkdf2:sha256:260000$wFUSqm0ttiHRuIIX$790bd9762fed5604f068d9f276e04bba2254c1a56d7bbf74b5f0226d3950a218","Robin","Harris"
"19","susan06@yahoo.com","pbkdf2:sha256:260000$Becq4bU8ro7AQuWo$7c276fab81464d3e20828271ceca9c9f20c744d2bd41cd2164f79a386bc9a82f","Jared","Vaughn"
